{"cameraMode":{"drawMode":0,"name":"Shaded","section":"Shading Mode"},"sceneLighting":false,"audioPlay":false,"sceneViewState":{"m_AlwaysRefresh":false,"showFog":true,"showSkybox":false,"showFlares":true,"showImageEffects":true,"showParticleSystems":true,"showVisualEffectGraphs":true,"m_FxEnabled":true},"in2DMode":false,"pivot":{"x":-2.0183029174804689,"y":1.5220985412597657,"z":-5.842170238494873},"rotation":{"x":-0.17779582738876344,"y":-0.31743118166923525,"z":0.060718294233083728,"w":-0.9294882416725159},"size":0.7143442630767822,"orthographic":false}